text,label
alter the speaker volume to a decibel more downward,4
raise the volume to twenty one,2
what is going on in my local news,3
can you email me this songs lyrics,9
are there many cars out,8
make the speaker volume not loud,4
make the volume greater,2
windy city eon,1
what are the local happenings on,3
what is the current road condition,8
tell me the local events,3
speak softer,4
can you make the sound higher,2
provide the name of the vocalist,9
how many dollars is a pound,6
tell me more about about what im hearing,9
please make the music more loud,2
can you turn the volume up higher please,2
give me the update on trumps travel ban,3
what are the traveling conditions at this time,8
tell me how much a pound sterling is to american dollar,6
what money does england use,6
popular current events,3
pump it up,2
hows the flow on the one hundred and one,8
tell me the value of the calone compared to the us dollar,6
show me instructions about how to make cookies,0
whats barcelona going to be like in two days,5
whats hot,3
what is one leras amount in american dollars,6
how will it feel outside on monday,5
what are the ingredients and steps for cookies,0
what is the local equivalent of 500 pesos,6
tell me whats trending this morning,3
will we see snow this week,5
look up ways to make four cheese omelette,0
whats the name of this artist,9
make the volume less intense when you speak,4
give me the latest update about the capitol,3
anything new on facebook today,3
lessen media volume,4
what hour is it or que houra es,1
louder,2
show me directions to roast some potatoes,0
what will the climate be like tomorrow,5
tell me the commute time to the office,8
please raise the volume,2
i would like to rock to beatles tunes right now,7
i need the details regarding this track,9
what is the current hour in chicago,1
turn up my left speaker by 10,2
what is the hour difference between here and dakar,1
this morning what did the news show,3
do i need a raincoat today,5
turn up the volume please,2
how much is money worth in egypt,6
what type of songs are playing the most on my devise,9
please show the expected forcast for monday,5
is there a lot of traffic on my commute,8
how is current traveling on the one hundred and one,8
play my playlist,7
i like hearing anything by cat stevens,7
i need some music from my list,7
am i going to be able to travel on the roads right now,8
how long will it take me to get to work,8
any new posts on facebook,3
what is being played right now,9
tell me the year the song came out,9
whats the name of this track,9
the audio needs to be reduced,4
what is the exchange rate between japanese yen and united states dollar,6
what is it like outside in barcelona in two days,5
whats on facebook,3
will it be sunny in new brighton pa or no,5
send the lyrics to this track to my email,9
halve the volume to make it less noisy in here,4
what musical piece is currently played,9
tell me if the roads are busy,8
mondays weather is,5
can you turn up the volume please,2
calone to usd,6
cat stevens playlist and ill be happy,7
i want this one artist,7
how are current traveling conditions on the one hundred and one,8
what is the name of egypts money,6
tell me how the traffic is now,8
can you tell me what the exchange rate is between the pound sterling and the us dollar,6
what are the current events of the day,3
what is the lera worth compared to the dollar,6
how do i make a meal,0
tell me recent events this morning,3
start funk music,7
when was this single released,9
is it going to snow today,5
what date is next wednesday,1
turn up the volume to 21,2
what is the recipe for this cookie,0
turn on the titanic soundtrack,7
what is the latest on the bombing in sweden,3
when is next wednesday on the calendar,1
how is it like on the 101,8
how well am i communicating,8
turn the sound all the way up please,2
what is the traffic looking like at this time,8
name all of the ingredients and instructions for making cookies,0
can you tell me the difference in exchange rate for calone and us dollar,6
any reports of things happening locally,3
is there any congestion right now,8
what is the update on swedens bombing,3
what is currently playing,9
whats going on locally,3
what are the streets and highways like right now,8
reduce the volume by half,4
is any precipitation coming down now in new brighton pa,5
tell me about what is currently playing,9
raise the volume for me,2
make the sound softer,4
i want cat stevens now,7
what is the current hour minutes and seconds in chicago,1
whats the weather in barcelona going to be like in 2 days,5
please reduce the volume to half,4
set the sound at twenty one,2
if there is liquid precipitation falling from the sky i will not go to work,5
tell me about the traffic,8
how congested is my work route,8
make it softer,4
name the musical artist,9
pick an artist for me that i can dance to,7
give me the name of the person that is known for this piece,9
in the city tell me what is going on,3
play songs by this artist,7
i am frying a turkey and need to know the temperature setting,0
find cooking instructions for a four cheese omelette,0
on next wednesday what is the day of the year,1
how many hours make up the difference between where i am and dakar,1
i need to know how to create cookies,0
please raise the volume to the highest setting,2
can you tell me the situation at the capital,3
i want to hear the titanic soundtrack,7
do you think i should bring an umbrella,5
turn on ariana grandes let me love you,7
whats the difference from dollars to pounds,6
give me the most recent local news,3
what temperature do i make cookies,0
play something from my playlist,7
what the song playing,9
who sings this single,9
what is the name of the band playing this,9
tell me what i need to make welsh rarebit,0
can i get my cities latest local news,3
what song is playing right now,9
what genre seems to be my favorite,9
please perform some beatles songs,7
what are things like on the streets right now,8
whats the hourly difference between here and dakar,1
what do i play the most,9
what amount of us dollars is five hundred pesos amount to,6
i would like to know if it will pour today,5
show me a summary of whats going on in washington d c today,3
will it be sunny tomorrow,5
whos the artist of this track,9
when did this song come out,9
what is the value of a lera in usd,6
ill need my shades to block the sun today,5
what are my favorite tunes,9
give me the minutes and hours in chicago,1
turn on let me love you by ariana grande,7
news on donald trump i would like to know,3
what is the hour and minute right now in germany,1
what things are happening at the capitol,3
start the playlist over again,7
play the title song from titanic,7
tell me the name of the vocalist,9
are there a lot of cars out on the way to work,8
lower your voice,4
tell me how to make the meal,0
lets do something from my most recent added music,7
can you boost up the sound,2
what is the formula and process to make cookies,0
is it going to be nice in barcelona in two days time,5
what is the ongoing traffic status,8
please lower the volume on the speaker,4
what route should i take today,8
type the lyrics to this melody and email me,9
put the volume on 2 please,4
i want songs from the titanic,7
robot please list the welsh rarebit ingredients,0
play this artist,7
at what oven temperature will be optimal to roast potatoes,0
hows the congestion currently,8
hows it like outside,5
what is a good mix for cookies,0
do i need to get some shades on today,5
will you up the volume,2
inform me what the hour and minute is now,1
do i need to take my umbrella,5
i want this to be noisier,2
find and start the title song of titanic,7
are there travel delays,8
raise the left speaker volume by ten,2
start the playlist from the first track,7
your voice is too loud please lower it,4
can you tell me how to prepare that meal,0
any update on trumps travel ban,3
will today be sunny,5
what is the recipe for the cookie,0
what hour is it in ivory coast,1
what recent events have been covered by the media this morning,3
please turn on the songs from my playlist,7
how is the situation on the roads,8
turn the volume down,4
will it take me a while to get to my job,8
what is the current local hour in new york city,1
when was this audio recorded,9
what is the correct temperature for frying a turkey,0
lets make the music more a little more loud please,2
for roast potatoes what is the optimal temperature,0
do need to take an umbrella today,5
do i need an umbrella today,5
play my playlist begining with the first track,7
what is the latest with the bombing in sweden,3
boost the sound,2
is there any new information on the sweden bombing,3
please search for the ongoing track,9
has there been a vote on the budget yet,3
what has donald trump been up to lately,3
what is the recipe for that,0
tell me how to make meatballs,0
play the newest bob dylan playlist,7
is there rain forcasted,5
quiet down,4
what is the latest vote tally on the budget,3
traffic on the one hundred and one,8
make the sound higher please,2
what is the newest news i missed,3
make your voice higher,2
what is the hour and minute in dakar as opposed to here,1
please speak less loud,4
turn the volume softer,4
whats the exchange rate from usd to yen,6
what am i currently hearing,9
at what temporal point are we in the day,1
please quieten the audio,4
how much is the yen,6
any local updates,3
speak more silently,4
please increase the volume to the maximum,2
what time is it in chicago right now,1
what do they use as money in england,6
more decibels please,2
pound sterling to us dollar calculator,6
tell me any current events involving donald trump,3
turn the volume up,2
send me the lyrics to this one,9
i will be happy if you play some cat stevens,7
what hour and minute is it in germany,1
so whats happening with the budget has there been a vote already,3
i would like the audio to be as deafening as possible,2
what is the reciprocally between pesos and dollars,6
can you tell me the monetary differences between the united states dollar and the japanese yen,6
will there be precipitation today,5
where are the traffic delays on my current route,8
i want to prepare the food,0
reduce volume of media,4
transform dollars to pounds,6
what is the latest update on the sweden bombing,3
tell me how your commute is going,8
is it raining right now,5
what do you have on your watch,1
tell me who is currently playing,9
in manhattan what hour is it,1
who wrote that,9
please boost the sound,2
is it snowing outside today,5
change the volume up,2
turn on songs from titanic,7
lessen the loudness,4
how much is the japanese yen worth in dollars,6
i will not work if there is rain,5
reproduce sound from a particular musical performer,7
tell me the exact hour and minute right now,1
how much is 1 inr in usd,6
what is the raining percentage,5
whats the current rate to convert usd to inr,6
turn up the volume please,2
what is the route to the office looking like,8
is there any news from the capitol,3
how many calones are one dollar,6
turn the sound up please,2
robot i would like you to give me a list of ingredients to make welsh rarebit,0
how do i make a cheese omelette,0
id like to fry a whole turkey what should be the temperature,0
turn the sound on the left speaker higher by 10,2
anything new going on today,3
how long is the commute to work,8
tell me my commute status,8
i need the music to be more loud,2
what are the instructions for this meal,0
turn the volume to high,2
can i expect congestion this morning,8
please tell me anything new about president trump,3
id like to hear hot topics on donald trump,3
lets do the artist i like,7
make it less loud,4
how does my route ahead look in terms of the number of cars and the speed that are going,8
bring up the sound of the left speaker by ten,2
please crank the sound to the higher level,2
how long will my commute to work take,8
what is the most recent occurrence at the capitol,3
please cut down the volume,4
what can i change out my yen for,6
what track is the player set on,9
what are the hour differences between darkar and where i am at,1
how do you make cookies,0
can you speak less quietly,2
anything new this morning,3
what song by bob dylan is newest,7
what is the current value for changing the yen,6
can you tell me how hot or cold its going to be in barcelona in two days,5
tell me about traffic delays,8
how much will five hundred pesos get me,6
who sings that song,9
what are my most liked tunes,9
is it going to be sunny today,5
start the newest bob dylan tracks,7
hows the world been treating itself in the last 24 hour cycle,3
what date does wednesday fall on,1
what are the chances for it being wet,5
what type of tunes do i listen to the most,9
do i need to bring my sunglasses,5
what is the value of pound sterling compared to th us dollar,6
what are the ingredients of welsh rarebit,0
make my money into pounds from dollars,6
i need less sound,4
turn the media volume down,4
play ariana grandes song let me love you,7
please startup the soundtrack from the titanic movie,7
what is the latest news of the city,3
tell me if there are any issues with todays commute,8
play something from the funk genre,7
turn the volume up as high as it goes,2
what new on facebook,3
speak up i cant hear,2
tell me the recipe for that meal,0
reduce your voice,4
is it the morning or afternoon,1
what time is it in chicago,1
proceed with newest bob dylan playlist,7
please repeat at a higher level of audio,2
make that less noisy please,4
what are the steps to cooking a dish,0
i need to know how to make a four cheese omelette,0
raise the volume to 21,2
i need that to be less loud,4
in what year was this tune released,9
please forward the tune lyrics to me via email,9
what sort of things are going on this morning,3
what hour and minute is it in chicago right now,1
how does the u s dollar compare to the calone,6
please soften your sound,4
what will it be like outside this coming monday,5
how many calones equal one dollar,6
what is the current time on the ivory coast,1
what is the best way to make meatballs,0
how does the us dollar measure up to the calone in value,6
turn up the volume in the left speaker by ten,2
so what is the exchange rate for 500 pesos,6
is there any chance of snow during the week,5
that is the meal i would like to cook,0
will there be an abundant amount of snow to cover my house,5
pump up the volume,2
at money does egypt use,6
i need instructions to make a meal,0
which tune is playing right now,9
i want to know the value of the united states dollar compared to the japanese yen,6
are the highways and streets congested right now,8
find out what donald trump is doing,3
give me the latest updates about the city,3
play the titanic song,7
are the roads clear,8
i would like to prepare that meal,0
could you play let me love you by ariana grande,7
cant hear you,2
turn the music to low,4
play songs by this vocalist,7
put on some music by the beetles,7
set the volune frequency to a lesser number,4
whats new regarding the sweden bombing,3
i want to know the type of songs i pressed like on,9
what is the singers name,9
what is it in chicago if it is noon in san francisco,1
i need to know what it is like out there right now,8
any congestion right now,8
how are the roads right now,8
this week is there going to be snow,5
how high should i set the oven to roast potatoes,0
how are the cars,8
tell me the artist and title of this selection,9
the vote for the budget hasnt been done yet,3
i want to hear some funk music now,7
what day of the month will it be next wednesday,1
what is the current hour and minutes in chicago,1
what are the topics trending in news,3
whats the latest today,3
what are the recent events locally,3
how hot should a turkey fry,0
turn it up so i can hear it better,2
any congestion on the way,8
it is 435 here what is it in germany,1
on pace with the windy city,1
whats the temperature that potatoes should be made,0
are there any delays on the 101,8
can you make the audio higher,2
search recipes for four cheese omelette,0
turn it up on the left by 10,2
lera to dollar,6
what is the most current traffic news,8
lower the volume on the speakers please,4
play my favorites,9
start music from the beginning,7
is it going to rain today,5
should i grab a snow shovel,5
make this noisier to 21,2
will it be sunny today,5
what time is it in dakar,1
i want let me love you by ariana grande,7
whats the current congestion on my route,8
how is the driving looking right now,8
how are things moving on the 101,8
i need to know if i should take an umbrella,5
what is the value of five hundred pesos,6
what is the dollar compared to the lera,6
breaking news,3
what am i hearing right now,9
what temp should cookies be baked at,0
what is donald trump up to now,3
i need to know what time it is in chicago,1
there is liquid precipitation at new brighton pa,5
i love cat stevens play some of his music,7
what is my commute like,8
please give me the most recent news about president trumps ban on travelling,3
next wednesday what will the date be,1
play the titanic soundtrack,7
what is the name of the artist of this tune,9
i want to know the words to this,9
whats the updates on facebook,3
is my way to the office clear today,8
what type of money does england use,6
please lower the volume,4
what are the details for whats playing right now,9
how to make the best meatballs,0
if i drive to work how long will it take,8
please tell me the value for the yen,6
what is the time right now,1
please start a titanic movie song,7
find the the temperature to cook a whole fried turkey,0
tell me what type of songs i lean toward,9
pull up everything by this artist,7
please reduce the sound,4
tell me whats playing,9
whats happening in the news,3
what is the name of the money of england,6
what is the news saying today,3
please find the current local period and region,1
was there a vote on the budget,3
make the volume not so loud,4
i want a cat stevens song next,7
how much time does my commute take,8
i would like to know what is happening locally right now,3
run my latest bob dylan list,7
do you have any details about this tune,9
what is the current us dollar to indian rupee exchange rate,6
please decrease the volume to the midway point,4
what was the year that this tune was published,9
compare the calone to a us dollar,6
turn the volume from 10 to 5,4
any new information on the sweden bombing,3
whats an ideal temperature for roasting potatoes in the oven,0
will i be able to get right through,8
on the ivory coast whats the current time,1
at what temperature is it best to roast potatoes in the oven,0
set the noise to maximum,2
tell me all you know about this track,9
how do you roast potatoes,0
decrease the volume,4
is it pouring in new brighton pa,5
how are the roads on the way to the office this morning,8
progress funk music,7
could you name the singer,9
i need to know if it will get wet today,5
please put on the newest bob dylan playlist,7
what is the u s d in inr,6
turn the sound up,2
i want to know my current track information,9
what is the united states dollar worth compared to the japanese yen,6
whats new on fb,3
i need a higher level of audio please,2
turn down the volume please,4
tell me if we are getting any white precipitation in the coming days,5
please reduce the media sound,4
i want the title of the tune that is currently playing,9
on the ivory coast check the hour and minutes,1
what is the current hour in new york,1
what things are taking place at the capitol,3
use my playlist for music,7
whose auditory art is playing right now,9
would it be good to think in advance about digging my way from my abode,5
are the streets clear and free of accidents for my morning commute,8
bring the noise,2
make this less loud,4
how much is on u s d worth in inr,6
name the vocalist,9
what kind of music do i like,9
id like to make this dish,0
do you think traffic will make me late for work,8
how much is the pound sterling in relation to the us dollar,6
play titanics theme song,7
how much is five hundred pesos worth in u s terms,6
volume up,2
how do i prepare the meal,0
how many us dollars is a calone worth,6
the volume is too loud can you help,4
what is the value if the lera to the dollar,6
tell me the instructions to make wafers,0
whats the duration of the commute,8
who sings this,9
please reduce the audio levels,4
crank up the music,2
what environmental conditions can i expect tomorrow,5
will it rain today,5
what is the current hour in germany,1
make the intensity of what i am listening to greater,2
start the song let me love you by ariana grande,7
how do i make the best meatballs,0
start playing songs from the titanic,7
what is the yens convertibility right now,6
what time is it,1
please turn up the volume,2
play something by cat stevens for me,7
subdue the sound please,4
what is the value of a calone in us dollars,6
how bad is the congestion on the way to the office,8
make the volume smaller please,4
are we expecting precipitation of the white variety,5
how is the traffic status,8
what will the weather be like on monday,5
whats monday going to be like outside,5
please make the noise softer,2
i would like to enjoy let me love you by ariana grande,7
locate the current track,9
has traffic on the way to work died down,8
i want to know what it is here,1
what is the best oven temperature for making cookies,0
what is egypts form of money,6
tell me tomorrows weather,5
reduce the noise a bit,4
name the artist,9
make the sound go up by ten on the left speaker,2
what is the hour in chicago,1
turn down the volume by fifty percent,4
what is the hour of the day here,1
tell me what you have on your watch,1
put on let me love you by ariana grande,7
locate the tune playing now,9
trending topics of current events please,3
will my route be delayed by congestion,8
put on some songs from my playlist,7
whats happening on facebook,3
turn on funk music,7
bring up the sound please,2
reduce the speakers volume,4
what is the ratio showing the difference between the lera and the dollar,6
turn the sound up higher,2
show me current events on donald trump,3
turn the volume up to 21 percent,2
whats the date next wednesday,1
what is the difference between the u s dollar and japanese yen,6
are there many cars on our way to the destination,8
tell me if there are any road backups,8
is it raining outside,5
what will my commute be like,8
crank it,2
hows the congestion right now,8
how do you prepare food,0
is my route clear,8
i wont go to work if there is any precipitation,5
is there any congestion on my commute,8
please read me the instructions for making the treats,0
decrease the sound level from the speakers,4
let me know the current time,1
start playing my music from my playlist,7
learn how to turn dollars into pounds,6
turn the music to half what it is now please,4
what is the traffic like on 101,8
lets have some of the beatles playing please,7
what are my preferences in music,9
i will be content with cat stevens music,7
windy city hour,1
what type of money does egypt use,6
please show me what it will be like outside on monday,5
could you give me advice if i should shovel my way out of the house,5
you arent audible,2
can you turn down the speaker volume,4
are there any obstructions in my commute,8
can you turn down the volume,4
show me articles about if the budge has been voted on,3
currently what is the track information,9
how do i make cookies,0
put the volume down two please,4
show me trump news,3
which type of money do they use in egypt,6
is brighton pennsylvania experiencing rainfall now,5
when was this track released,9
tell me what is going on with donald trump,3
what is this single called,9
i am not going to work if it is raining outside,5
what are some of the current things happening in the world,3
how hot does the oven need to be for cookies,0
should i grab my sunglasses,5
give me instructions to make a meal,0
is there anything happening at the capitol today,3
what is the information on this song,9
youre not speaking loud enough,2
will i need to shovel the drive,5
i would like the lyrics to what is playing emailed to me,9
i want to hear ariana grandes let me love you ,7
what is my favorite genre of music,9
tell me the current hour and minute,1
please send me the lyrics of this song to my email account,9
will i need an umbrella in new brighton pa,5
can you set the sound to 21,2
what is the value of a pound sterling in dollars,6
please make the music a little less loud,4
start playing the song titanic,7
great meatball recipes,0
how do i bake cookies,0
can you convert dollars to pounds,6
raise the volume,2
when was this tune released,9
what is germanys current hour,1
how are conditions for tomorrow,5
anything goin on at the capitol,3
a quieter voice,4
is there any precipitation in new brighton pa,5
there is no sound,2
what is new on the sweden bombing,3
start playing some funk music,7
what does the driving commute look like right now,8
are there any delays on the route,8
will i need a shovel to get out of the house,5
could you speak louder so i can hear you,2
make the volume smaller,4
how much is one dollar in inr,6
make the speaker volume slower,4
can i get the time for new york city,1
if there is precipitation i will not be going for the job,5
turn up the audio please,2
what ingredients are used to make welsh rarebit,0
show me how to make cookies,0
is there any new information on trumps travel ban,3
inform me how to make a meal,0
would you be able to turn the sound up,2
can you make the speakers less loud,4
make the sound less,4
will you lower the volume on the media,4
please startup the sound track used in the titanic movie,7
what is the current hour and minute in new york city,1
what made those lyrics,9
what is new today in current events,3
when is it currently on the ivory coast,1
locally what should i set my watch to be locally accurate and what zone is this,1
how will it be outside through out the day and evening in forty eight hours in barcelona,5
how high should the oven be for cookies,0
show me how to make a welsh rarebit,0
what kind of money do they use in egypt,6
it is 435 here what is it in chicago,1
tell me the tracking number on this,9
can you email me the words to this track,9
what is the oven temperature for cookies,0
what do i need in order to prepare welsh rarebit,0
reduce the volume of the speaker slowly,4
please turn up the sound to the maximum,2
give me the ultimate meatball instructions,0
i would like a recipe for sugar cookies,0
play beatles music,7
do i have a lot of congestion on my way,8
please play anything by the beatles,7
what part of the current 24hour period is it in the ivory coast,1
how is the cars amount on the 101,8
are there any travel delays,8
open the newest bob dylan playlist,7
is it raining,5
make the music a little more loud please,2
locate the right frying temperature for a turkey,0
i would like you to relay some music from the film titanic,7
what will the climate be on monday,5
is the roads clear to go to work,8
i would like to know what i need to prepare welsh rarebit,0
what do i need to make welsh rarebit,0
can you tell me which songs ive liked in the past month,9
what form of money does england use,6
how many minutes will it take to get to my job,8
what is the yen worth,6
what is the hour and minute in germany right now,1
elevate sound of left speaker by ten,2
is there congestion,8
turn the sound higher,2
i need to know what hour it is in my location,1
what hour is it now,1
please verify what is on your watch and our zone,1
please start up the ariana grandes song titled let me love you,7
can you tell me more about the bombing in sweden,3
please decrease your volume,4
make the music a touch more loud please,2
the music needs to be softer,4
i want the one list to be audible,7
did they vote on a budget already,3
are there any holdups or accidents on the roads currently,8
is there a delay on my way,8
are they expecting snow,5
what type of music do i listen to,9
i want info on the song thats playing,9
play the playlist from the beginning,7
i want to make that,0
what is the current time in new york city,1
what is a popular recipe for a cheese omelette using four cheeses,0
whats monday supposed to be like outside,5
what is my commute like today,8
what is the rate of value between the us dollar and the pound sterling,6
on my commuting route what is the current average speed of all vehicles,8
make the volume less loud please,4
whats the update on the travel ban regarding trump,3
do i need my shades today,5
find the track that is playing now,9
please turn up the sound,2
can you make the sound go up,2
turn on the beatles,7
what type of money is used in egypt,6
in the ivory coast how should i set my watch to reflect the current hour,1
current information on the travel ban by trump,3
i need to know how to prepare food where should i start,0
if you put on cat stevens ill be satisfied,7
what is my time zone difference with dakar,1
turn the volume up please,2
what hour of the day is it currently on the ivory coast,1
please soften your voice,4
what time is it right now in germany,1
what is the outcome of the budget vote,3
i want the music to be the loudest,2
turn the volume softer please,4
play my bob dylan playlist that is the most recent,7
i want this from track one,7
put on funk music,7
what is the conversion amount between yen and usd,6
what is the most current local reports,3
decrease the volume by half,4
is there any traffic nearby,8
whats the rate for yen to dollars,6
if its raining im not going to work,5
what will the calendar show next wednesday,1
what is this music that is on,9
can you show me a recipe to cook,0
please turn that down its too loud,4
what is the hourly difference between here and dakar,1
turn it up,2
decrease the volume please,4
is it going to rain in barcelona in two days,5
what is going on in facebook,3
turn the volume up please,2
it would make me happy if you played cat stevens,7
tell me the latest on the donald,3
start playing my new bob dylan playlist,7
let me see a method and ingredients for making a cookie,0
tell me what i need to make cookies,0
is there congestion now,8
how hot should cookies bake,0
tell me what is happening at the capitol,3
what is the current time in chicago,1
please decrease the volume of the speakers,4
play songs by cat stevens,7
what artists do i hear the most,9
please cut the sound,4
have they voted on the budget yet,3
make the volume more quiet than it is please,4
how long will my usual route take,8
i want to convert dollars to pounds,6
show me how to cook that meal,0
are the roads looking clear,8
can you turn it down please,4
list ingredients for welsh rarebit please,0
how about cst,1
play the song from titanic,7
i want to turn on the beatles,7
when did this tune come out,9
what shall i set my watch to for the current hour in germany,1
what is the current price for yen,6
how does the commute look,8
what will the weather be like in two days in barcelona,5
what is my favorite genre of audio,9
send me the lyrics via email to what is playing right now,9
is it like rush hour,8
how is the traffic to work,8
what kind of money does england use,6
pull up my favorite songs,9
begin the song from the first song,7
play the artists song,7
what the hour and minute in germany,1
can you play the play artist,7
is it rainy outside,5
please increase the volume,2
lower the volume of the speaker,4
what is the name of the artist,9
start a song by the beatles,7
i want the left speaker to be louder by an intensity level of 10,2
what singer is this,9
how long is my commute,8
make the music to twenty one,2
locate the tune im currently hearing,9
what calendar day corresponds to next wednesday,1
play titanic songs,7
please communicate at a reduced audio level,4
do you know the rate exchange for the yen,6
tell me the artist,9
im not going to the interview if its raining,5
please the reduce the speakers volume,4
please reduce the volume,4
whats the rate from usd to inr,6
is it going to be hot,5
make the noise greater until it gets to 21,2
can you update me on the budget vote,3
i want to know the rate exchange between u s d and inr,6
put on the title song from titanic,7
what type of music do i listen to a lot,9
is there anything new on the current travel ban,3
what are the new local stories about this city,3
hows a calone compare to a dollar,6
who am i hearing right now,9
what will it be like outside tomorrow,5
what hour is it in new york city right now,1
hit me with that sweet funk,7
turn up the volume by ten on the left speaker,2
search for the ongoing song,9
i would like to experience the audio of the titanic title song,7
turn on let me love you by ariana,7
how do i make meatballs,0
what is it like right now are there delays,8
new facebook posts,3
i would like you to perform the titanic title song,7
i have dollars that i would like to change into pounds,6
email me the lyrics to the jam,9
turn down the volume please,4
crank up the volume,2
whats the right temperature to bake cookies,0
i need to know how to make meatballs,0
what is the status ahead of me on my current planned route,8
please talk more quietly,4
locate the tune thats playing,9
find the music playing right now,9
tell me what the weather will be tomorrow,5
what are the current conditions in brighton pa,5
whats going on around the country,3
what route should i take at this time,8
i cant hear this,2
how much is a pound sterling to a dollar,6
the hour in chicago,1
tell me the time in dakar,1
can i see directions for making a cookie please,0
make this less noisy please,4
local time and time zone,1
any updates in local events,3
tell me the most current information about trumps travel ban,3
are here and dakar in the same zone,1
how much can i change out usd for inr,6
what is my favorite music genre,9
what is the current hour and minute for my location,1
is there current much traffic,8
is there any precipitation anticipated today,5
information on what is currently playing please,9
reduce the sound,4
calone to us dollar calculator,6
the usd inr exchange rate,6
is there an update on the sweden bombing,3
what is the united kingdoms currency,6
show me the cookie recipe,0
make them sound less noisy,4
how do i make a four cheese omelette,0
what type of money is used in england,6
i need to turn dollars into pounds,6
what kind of pieces do i enjoy,9
proceed with music by the beatles,7
lower the volume,4
tell me information on the track playing,9
when did this record come out,9
who is not allowed to travel to the us today,3
is there anything new at the capitol,3
pump the sound,2
whats playing right now,9
put the volume of the speakers to a less high setting,4
how many hours is dakar off from where we are,1
can you make the media sound less loud,4
give me suggestions for different meals to cook,0
what is the gdp between sterling and dollar,6
cut the speaker volume,4
what is the roads like right now,8
on monday will the sun be smiling or will the clouds be frowning,5
show me the hottest stories,3
are we anticipating snow this week,5
play the beatles,7
what the hour and minute for the ivory coast right now,1
what route should i take to today,8
what hour is it now on the ivory coast,1
what are the conditions out there,8
i want to hear the newest set of bob dylan playlist hits,7
start playing songs by the beatles,7
whats the current hour and minute,1
what kind of news happened this morning,3
what on the calendar corresponds to next wednesday,1
i will not go to work unless it stops raining,5
whats the currency of egypt,6
i need half of the sound,4
what is the heat setting required to fry a whole turkey,0
what is the type money that england uses,6
i want to know how to make a four cheese omelette,0
i want to know what usd is to inr,6
please drop the media volume,4
what is the current status of major and minor routes,8
is it raining in new brighton pennsylvania right now,5
what time is it in germany,1
what will next wednesday be,1
begin relaying music from my playlist,7
can you tell me if i need to wear sunglasses today,5
make the sound less loud,4
how is it on one hundred and one,8
should i take something to cover me from the precipitation,5
will it be warm and cloudy tomorrow,5
what is the hour and minute in chicago,1
what point in the day is it currently in chicago,1
i need more decibels,2
it is going to drizzle today,5
begin playlist from the start,7
when is it right now,1
fire up new bob dylan,7
can you tell me the time in nyc,1
how long will my commute to work be,8
what is the lera to the dollar,6
is there going to be precipitation,5
restart the playlist from the beginning,7
is it precipitating in new brighton pa,5
how can i make cookies,0
was the budget voted on yet,3
how many dollars equal a pound,6
locally what is being reported on that is of importance,3
will we get snow this week,5
lets make that dish tonight,0
what is the lera worth in dollars,6
speak up please,2
can you talk softer,4
are the highways and byways congested at the moment,8
turn down the volume,4
i would go for the job in as much as it does not rain,5
will i need to shove snow to leave home,5
tell me the songs artist,9
what does egypt use as its money,6
i want the most sound,2
the most recent update on the trump travel ban,3
what should the atomic metronome in chicagi be set to,1
should i stay home today because of the current conditions,5
send me this songs lyrics,9
what did the meteorologist predict for today,5
can you show me what the weather will be on monday,5
is there anything new on the capitol today,3
what is the difference in value between us dollars and japanese yen,6
what hour is it in chicago,1
what hour of the day is it currently in germany,1
what is the exchange rate of us to yen,6
how much time should i budget for my car ride to the office,8
whats a dollar worth in the uk,6
lessen the loudness please,4
what are the current conditions in new brighton pa,5
whats the hour,1
find me the title of the song playing,9
please increase the sound intensity,2
which audio is playing now,9
start the theme song to titanic,7
what year is the songs debut,9
how much is the yen when compared to the us dollar,6
what is current hour in ivory coast,1
give ways to make four cheese omelettes,0
please decrease the volume,4
what hour is it in new york,1
what is currenty playing,9
what are the trending topics in news,3
can you please lower the volume,4
what are the trending topics facebook,3
whats the time and time zone,1
tell me if the 101 is busy,8
what is the current hour,1
what is the duration of the route to my office,8
please make the level of audio more silent,4
soften the volume please,4
england uses pounds right,6
can you compare the exchange rate between lera and dollar,6
how do i make roast potatoes,0
any updates on the sweden bombing,3
how much time should i expect to devote to driving to work,8
can you play some music from the funk genre,7
what is the exact hour and minutes in new york city right now,1
add 10 to the volume,2
turn down the volume by half,4
time in chicago,1
what are my favorite artists,9
whats the best way to make meatballs,0
turn it up to twenty one please,2
please start my music from the first track,7
amplify the loudness,2
what should the chronometer currently read for new york city,1
can you decrease the sound of your voice please,4
is the sun going to be shining today or should i expect clouds,5
tell me what the climate will be like tomorrow,5
what is the value of lira to dollar,6
whats traffic like right now,8
speak up,2
what is the weather in barcelona in two days,5
it is 435 here i want to know what it is in chicago,1
ingredients and instructions for welsh rarebit,0
how will the season be like in barcelona in two days,5
are there any delays on my current route,8
any updates on the travel ban,3
is there congestion on my way to work,8
i it is three p m in new york what is it in chicago,1
i need to know the best temperature for roasted potatoes,0
play the next track,7
is there a lot of cars on the road right now,8
i need my local hour and minute please,1
i want to know how it is in barcelona in two days,5
lets do some funk music today,7
on monday will it be pleasant,5
will it snow tonight,5
i need the sound loud,2
make your voice less loud,4
please make the music a little more loud,2
what song is this,9
music please,7
show me different ways to make a four cheese omelette,0
is there any further information about the sweeden bombing,3
what are the atmospheric conditions in barcelona in two days,5
what are the latest stories of current occurances on facebook that are being discussed,3
how can i make that meal,0
share the current info of the city,3
what is the hour,1
what does the chronograph read,1
please amplify the sound,2
i do not want the noise to be so loud,4
play the titanic theme song,7
are there any updates on the travel ban,3
what genre is mostly listened to,9
look up how to make a four cheese omelette,0
is it going to snow this week,5
whats my commute like,8
give me the current hour and minutes,1
could you tell me if the budget had been voted yet,3
name the music playing right now,9
look up what the current time zone and time is,1
at what temperature should i fry a whole turkey,0
give me the recipes for cookies,0
turn the volume to 21,2
i want funk music now,7
give me all the information about what is playing right now,9
please tell me about the music that is playing,9
i need to hear the sound more clearly,2
who makes this track,9
at what temperature should i roast potatoes,0
what is the value of five hundred pesos in dollars,6
tell me the day of next wednesday,1
i need the sound to be greatly increased,2
what is the correct temperature to bake cookies,0
do you know what the best meatball recipe is,0
i would like to enjoy some music from cat stevens,7
can you reduce the pitch,4
will the week contain snow,5
at this moment how does the u s dollar rate compare to the japanese yen,6
how long is my commute today,8
i want hot topics,3
what temperature should i set for frying a turkey,0
is it going to be hot or cold tomorrow,5
what is the year this jam came out,9
will my commute take longer today,8
what temperature setting should i cook it,0
at what degrees setting should i bake cookies,0
tell me whats trending,3
tell me who sings this song,9
what is the transfer price between the us dollar and pound sterling,6
what type of music do i like,9
i want it turned up,2
what kinda money they use in egypt,6
tell me the time right now on the ivory coast,1
how much is five hundred pesos in dollars,6
please shut up,4
start with track one,7
what is currency that england uses right now,6
find the most played genre,9
hey robot tell me the what is in welsh rarebit,0
can the level of the audio be reduced,4
show me current events about donald trump,3
how many hours ahead is dakar when compared to here,1
turn down the sound,4
whats the rate between dollar and yen,6
what money is used in egypt,6
how long will it take to get to my job,8
how many dollars is 500 pesos,6
put some queen tunes up next,7
let me know what its going to be like outside tomorrow,5
how much is a pound in dollars,6
whats the exchange rate for the yen right now,6
provide the current events in the city,3
is my commute busy,8
what is the current yen to dollar rate,6
will it snow sometime this week,5
play some funk,7
what does your watch say right now and please specify by zone,1
what is the conversion of dollars to pounds,6
are there any stalls or congestion,8
how much is a lera to a dollar,6
how is the backup on the road,8
what is the amount difference between dollars and pounds,6
for the city what is going on that is being reported on right now,3
find me the best way to make meatballs,0
whats going on downtown,3
does the forecast call for rain today,5
crank up that volume,2
how many usd is an inr,6
i need a reduced level of audio please,4
turn up the volume,2
play the latest bob dylan,7
give me the latest updates this morning,3
what is the eta on the way to my workplace,8
what is the best temperature for baking cookies,0
tell me how much 500 pesos is worth,6
what is the proper temperature for frying an entire turkey,0
please turn the volume down,4
